timestamp,temperature,humidity,gas_voltage
2025-12-31 22:05:41,20.0,50.0,0.2913
2025-12-31 22:06:01,20.0,50.0,0.2903
2025-12-31 22:06:22,20.0,50.0,0.2929
2025-12-31 22:06:42,20.0,50.0,0.2939
2025-12-31 22:07:02,20.0,50.0,0.2919
2025-12-31 22:07:23,20.0,50.0,0.2915
2025-12-31 22:07:43,20.0,50.0,0.2903
2025-12-31 22:08:04,20.0,50.0,0.2908
2025-12-31 22:08:24,20.0,50.0,0.2905
2025-12-31 22:08:44,20.0,50.0,0.2904
2025-12-31 22:09:05,20.0,50.0,0.3649
2025-12-31 22:09:25,20.0,50.0,0.4353
2025-12-31 22:09:45,20.0,50.0,0.3775
2025-12-31 22:10:06,20.0,50.0,0.3295
2025-12-31 22:10:26,20.0,50.0,0.317
2025-12-31 22:10:47,20.0,50.0,0.3099
2025-12-31 22:11:07,20.0,50.0,0.3061
2025-12-31 22:11:27,20.0,50.0,0.3033
2025-12-31 22:11:48,20.0,50.0,0.3013
2025-12-31 22:12:08,20.0,50.0,0.3001
2025-12-31 22:12:28,20.0,50.0,0.2976
2025-12-31 22:12:49,20.0,50.0,1.9054
2025-12-31 22:13:09,20.0,50.0,2.9343
2025-12-31 22:13:30,20.0,50.0,1.324
2025-12-31 22:13:50,20.0,50.0,1.1635
2025-12-31 22:14:10,20.0,50.0,0.9903
2025-12-31 22:14:31,20.0,50.0,0.9209
2025-12-31 22:14:32,18.2,68,0.9149
2025-12-31 22:14:51,20.0,50.0,0.7858
2025-12-31 22:15:12,20.0,50.0,0.694
2025-12-31 22:15:32,20.0,50.0,0.6506
2025-12-31 22:15:52,20.0,50.0,0.6314
2025-12-31 22:16:13,20.0,50.0,0.624
2025-12-31 22:16:33,20.0,50.0,0.6089
2025-12-31 22:16:53,20.0,50.0,0.5993
2025-12-31 22:17:14,20.0,50.0,0.5939
2025-12-31 22:17:34,20.0,50.0,0.5889
2025-12-31 22:17:55,20.0,50.0,0.5831
2025-12-31 22:18:15,20.0,50.0,0.5779
2025-12-31 22:18:35,20.0,50.0,0.5693
2025-12-31 22:18:56,20.0,50.0,0.5595
2025-12-31 22:19:16,20.0,50.0,0.5495
2025-12-31 22:19:37,20.0,50.0,0.5503
2025-12-31 22:19:57,20.0,50.0,0.5354
2025-12-31 22:20:17,20.0,50.0,0.5331
2025-12-31 22:20:38,20.0,50.0,0.534
2025-12-31 22:20:58,20.0,50.0,0.5299
2025-12-31 22:21:18,20.0,50.0,0.5284
2025-12-31 22:21:39,20.0,50.0,0.5218
2025-12-31 22:21:59,20.0,50.0,0.5198
2025-12-31 22:22:20,20.0,50.0,0.5189
2025-12-31 22:22:40,20.0,50.0,0.517
2025-12-31 22:23:00,20.0,50.0,0.514
2025-12-31 22:23:21,18.2,67,0.5108
2025-12-31 22:23:41,18.2,67,0.5066
2025-12-31 22:24:01,18.2,67,0.5044
2025-12-31 22:24:22,18.2,67,0.501
2025-12-31 22:24:42,18.2,67,0.5
2025-12-31 22:25:03,18.2,67,0.4949
2025-12-31 22:25:23,18.2,67,0.4923
2025-12-31 22:25:43,18.2,67,0.4906
2025-12-31 22:26:04,18.2,67,0.4884
2025-12-31 22:26:24,18.2,67,0.4863
2025-12-31 22:26:45,18.2,67,0.4838
2025-12-31 22:27:05,18.2,67,0.483
2025-12-31 22:27:25,18.2,67,0.4808
2025-12-31 22:27:46,18.2,67,0.4883
2025-12-31 22:28:06,18.2,67,0.4851
2025-12-31 22:28:26,18.2,67,0.481
2025-12-31 22:28:27,18.2,67,0.4799
2025-12-31 22:28:47,18.2,67,0.4765
2025-12-31 22:29:07,18.2,67,0.4761
2025-12-31 22:29:28,18.2,67,0.476
2025-12-31 22:29:48,18.2,67,0.474
2025-12-31 22:30:08,18.2,67,1.8349
2025-12-31 22:30:29,18.2,67,1.5488
2025-12-31 22:30:49,18.2,67,1.2186
2025-12-31 22:31:09,18.2,67,1.1892
2025-12-31 22:31:30,18.2,67,1.0676
2025-12-31 22:31:50,18.2,67,0.8385
2025-12-31 22:32:11,18.2,67,0.9317
2025-12-31 22:32:31,18.2,67,0.8445
2025-12-31 22:32:51,18.2,67,0.8127
2025-12-31 22:33:12,18.2,67,0.804
2025-12-31 22:33:32,18.2,67,0.7833
2025-12-31 22:33:53,18.2,67,0.7705
2025-12-31 22:34:13,18.2,67,0.7605
2025-12-31 22:34:33,18.2,67,0.7518
2025-12-31 22:34:54,18.2,67,0.7481
2025-12-31 22:35:14,18.2,67,0.7396
2025-12-31 22:35:34,18.2,67,0.73
2025-12-31 22:35:55,18.2,67,0.7269
2025-12-31 22:36:15,18.2,67,0.722
2025-12-31 22:36:36,18.2,67,0.7155
2025-12-31 22:36:56,18.2,67,0.7107
2025-12-31 22:37:16,18.2,67,0.7064
2025-12-31 22:37:37,18.2,67,0.7037
2025-12-31 22:37:57,18.2,67,0.6985
2025-12-31 22:38:17,18.2,67,0.6957
2025-12-31 22:38:38,18.2,67,0.693
2025-12-31 22:38:58,18.2,67,0.6904
2025-12-31 22:39:19,18.2,67,0.6873
2025-12-31 22:39:39,18.2,67,0.6844
2025-12-31 22:39:59,18.2,67,0.6824
2025-12-31 22:40:20,18.2,67,0.68
2025-12-31 22:40:40,18.2,67,0.6783
2025-12-31 22:41:01,18.2,67,0.6756
2025-12-31 22:41:21,18.2,67,0.6754
2025-12-31 22:41:41,18.2,67,0.6739
2025-12-31 22:42:02,18.2,67,0.6713
2025-12-31 22:42:22,18.2,67,0.6691
2025-12-31 22:42:42,18.2,67,0.6686
2025-12-31 22:43:03,18.2,67,0.6663
2025-12-31 22:43:23,18.2,67,0.664
2025-12-31 22:43:44,18.2,67,0.663
2025-12-31 22:44:04,18.2,67,0.6616
2025-12-31 22:44:24,18.2,67,0.6606
2025-12-31 22:44:45,18.2,67,0.6564
2025-12-31 22:45:05,18.2,67,0.6565
2025-12-31 22:50:31,18.2,67,0.6366
2025-12-31 22:50:52,18.2,67,0.6361
2025-12-31 22:51:12,18.2,67,0.6349
2025-12-31 22:51:32,18.2,68,0.6346
2025-12-31 22:51:53,18.2,68,0.6319
2025-12-31 22:52:13,18.2,68,0.6349
2025-12-31 22:52:34,18.2,68,0.6324
2025-12-31 22:52:54,18.2,68,0.631
2025-12-31 22:53:14,18.2,68,0.6321
2025-12-31 22:53:35,18.2,68,0.6315
2025-12-31 22:53:55,18.2,68,0.6291
2025-12-31 22:54:15,18.2,68,0.6292
2025-12-31 22:54:36,18.2,68,0.6259
2025-12-31 22:54:56,18.2,68,0.626
2025-12-31 22:54:57,18.2,68,0.625
2025-12-31 22:55:17,18.2,68,0.6246
2025-12-31 22:55:17,18.2,68,0.6246
2025-12-31 22:55:37,18.2,68,0.6231
2025-12-31 22:55:37,18.2,68,0.6231
2025-12-31 22:55:57,18.2,68,0.6219
2025-12-31 22:55:57,18.2,68,0.6219
2025-12-31 22:56:18,18.2,68,2.3883
2025-12-31 22:56:18,18.2,68,2.3883
2025-12-31 22:56:38,18.2,68,1.3744
2025-12-31 22:56:38,18.2,68,1.3744
2025-12-31 22:56:58,18.2,68,1.1298
2025-12-31 22:56:58,18.2,68,1.1298
2025-12-31 22:57:19,18.2,68,0.969
2025-12-31 22:57:19,18.2,68,0.969
2025-12-31 22:57:39,18.2,68,0.8613
2025-12-31 22:57:39,18.2,68,0.8613
2025-12-31 22:58:00,18.2,68,0.8034
2025-12-31 22:58:00,18.2,68,0.8034
2025-12-31 22:58:20,18.2,68,0.767
2025-12-31 22:58:20,18.2,68,0.767
2025-12-31 22:58:40,18.2,68,0.7331
2025-12-31 22:58:40,18.2,68,0.7331
2025-12-31 22:59:01,18.2,68,0.7146
2025-12-31 22:59:01,18.2,68,0.7146
2025-12-31 22:59:21,18.2,68,0.6997
2025-12-31 22:59:21,18.2,68,0.6997
2025-12-31 22:59:42,18.2,68,0.6973
2025-12-31 22:59:42,18.2,68,0.6973
2025-12-31 23:00:02,18.2,68,0.6883
2025-12-31 23:00:02,18.2,68,0.6883
2025-12-31 23:00:22,18.2,68,0.6775
2025-12-31 23:00:22,18.2,68,0.6775
2025-12-31 23:00:43,18.2,68,0.6726
2025-12-31 23:00:43,18.2,68,0.6726
2025-12-31 23:01:03,18.2,68,0.6676
2025-12-31 23:01:03,18.2,68,0.6676
2025-12-31 23:01:23,18.2,68,0.6614
2025-12-31 23:01:23,18.2,68,0.6614
2025-12-31 23:01:44,18.2,68,0.6579
2025-12-31 23:01:44,18.2,68,0.6579
2025-12-31 23:02:04,18.2,68,0.6471
2025-12-31 23:02:04,18.2,68,0.6471
2025-12-31 23:02:25,18.2,68,0.649
2025-12-31 23:02:25,18.2,68,0.649
2025-12-31 23:02:45,18.2,68,0.6395
2025-12-31 23:02:45,18.2,68,0.6395
2025-12-31 23:03:05,18.2,68,0.6372
2025-12-31 23:03:05,18.2,68,0.6372
2025-12-31 23:03:26,18.2,68,0.6318
2025-12-31 23:03:26,18.2,68,0.6318
2025-12-31 23:03:46,18.2,68,0.6256
2025-12-31 23:03:46,18.2,68,0.6256
2025-12-31 23:04:06,18.2,68,0.6242
2025-12-31 23:04:06,18.2,68,0.6242
2025-12-31 23:04:27,18.2,68,0.6212
2025-12-31 23:04:27,18.2,68,0.6212
2025-12-31 23:04:47,18.2,68,0.6186
2025-12-31 23:04:47,18.2,68,0.6186
2025-12-31 23:05:08,18.2,68,0.6185
2025-12-31 23:05:08,18.2,68,0.6185
2025-12-31 23:05:28,18.2,68,0.6129
2025-12-31 23:05:28,18.2,68,0.6129
2025-12-31 23:05:48,18.2,68,0.6096
2025-12-31 23:05:48,18.2,68,0.6096
2025-12-31 23:06:09,18.2,68,0.6082
2025-12-31 23:06:09,18.2,68,0.6082
2025-12-31 23:06:29,18.2,68,0.6059
2025-12-31 23:06:29,18.2,68,0.6059
2025-12-31 23:06:50,18.2,68,0.6013
2025-12-31 23:06:50,18.2,68,0.6013
2025-12-31 23:07:10,18.2,68,0.5981
2025-12-31 23:07:10,18.2,68,0.5981
2025-12-31 23:07:30,18.2,68,0.5963
2025-12-31 23:07:30,18.2,68,0.5963
2025-12-31 23:07:51,18.2,68,0.5939
2025-12-31 23:07:51,18.2,68,0.5939
2025-12-31 23:08:11,18.2,68,0.5917
2025-12-31 23:08:11,18.2,68,0.5917
2025-12-31 23:08:31,18.2,68,0.5883
2025-12-31 23:08:31,18.2,68,0.5883
2025-12-31 23:08:52,18.2,68,0.5853
2025-12-31 23:08:52,18.2,68,0.5853
2025-12-31 23:09:12,18.2,68,0.5839
2025-12-31 23:09:12,18.2,68,0.5839
2025-12-31 23:09:33,18.2,68,0.5854
2025-12-31 23:09:33,18.2,68,0.5854
2025-12-31 23:09:53,18.2,68,0.5813
2025-12-31 23:09:53,18.2,68,0.5813
2025-12-31 23:10:13,18.2,68,0.5785
2025-12-31 23:10:13,18.2,68,0.5785
2025-12-31 23:10:34,18.2,68,0.5776
2025-12-31 23:10:34,18.2,68,0.5776
2025-12-31 23:10:54,18.2,68,0.5799
2025-12-31 23:10:54,18.2,68,0.5799
2025-12-31 23:11:14,18.2,68,0.5724
2025-12-31 23:11:14,18.2,68,0.5724
2025-12-31 23:11:35,18.2,68,0.5717
2025-12-31 23:11:35,18.2,68,0.5717
2025-12-31 23:11:55,18.2,68,0.5695
2025-12-31 23:11:55,18.2,68,0.5695
2025-12-31 23:12:16,18.2,68,0.5677
2025-12-31 23:12:16,18.2,68,0.5677
2025-12-31 23:12:36,18.2,68,0.5663
2025-12-31 23:12:36,18.2,68,0.5663
2025-12-31 23:12:56,18.2,68,0.5653
2025-12-31 23:12:56,18.2,68,0.5653
2025-12-31 23:13:17,18.2,68,0.5793
2025-12-31 23:13:17,18.2,68,0.5793
2025-12-31 23:13:17,18.2,68,0.5793
2025-12-31 23:13:37,18.2,68,0.5711
2025-12-31 23:13:37,18.2,68,0.5711
2025-12-31 23:13:37,18.2,68,0.5711
2025-12-31 23:13:58,18.2,68,2.5078
2025-12-31 23:13:58,18.2,68,2.5078
2025-12-31 23:13:58,18.2,68,2.5078
2025-12-31 23:14:18,18.2,68,1.1613
2025-12-31 23:14:18,18.2,68,1.1613
2025-12-31 23:14:18,18.2,68,1.1613
2025-12-31 23:14:38,18.2,68,0.8664
2025-12-31 23:14:38,18.2,68,0.8664
2025-12-31 23:14:38,18.2,68,0.8664
2025-12-31 23:14:59,18.2,68,0.7451
2025-12-31 23:14:59,18.2,68,0.7451
2025-12-31 23:14:59,18.2,68,0.7451
2025-12-31 23:15:19,18.2,68,0.8838
2025-12-31 23:15:19,18.2,68,0.8838
2025-12-31 23:15:19,18.2,68,0.8838
2025-12-31 23:15:39,18.2,68,0.816
2025-12-31 23:15:39,18.2,68,0.816
2025-12-31 23:15:39,18.2,68,0.816
2025-12-31 23:16:00,18.2,68,0.7538
2025-12-31 23:16:00,18.2,68,0.7538
2025-12-31 23:16:00,18.2,68,0.7538
2025-12-31 23:16:20,18.2,68,0.7275
2025-12-31 23:16:20,18.2,68,0.7275
2025-12-31 23:16:20,18.2,68,0.7275
2025-12-31 23:16:41,18.2,68,0.6715
2025-12-31 23:16:41,18.2,68,0.6715
2025-12-31 23:16:41,18.2,68,0.6715
2025-12-31 23:17:01,18.2,68,0.6655
2025-12-31 23:17:01,18.2,68,0.6655
2025-12-31 23:17:01,18.2,68,0.6655
2025-12-31 23:17:21,18.2,68,0.6426
2025-12-31 23:17:21,18.2,68,0.6426
2025-12-31 23:17:21,18.2,68,0.6426
2025-12-31 23:17:42,18.2,68,0.6246
2025-12-31 23:17:42,18.2,68,0.6246
2025-12-31 23:17:42,18.2,68,0.6246
2025-12-31 23:18:02,18.2,68,0.615
2025-12-31 23:18:02,18.2,68,0.615
2025-12-31 23:18:02,18.2,68,0.615
2025-12-31 23:18:23,18.2,68,0.6141
2025-12-31 23:18:23,18.2,68,0.6141
2025-12-31 23:18:23,18.2,68,0.6141
2025-12-31 23:18:43,18.2,68,0.6074
2025-12-31 23:18:43,18.2,68,0.6074
2025-12-31 23:18:43,18.2,68,0.6074
2025-12-31 23:19:03,18.2,68,0.6036
2025-12-31 23:19:03,18.2,68,0.6036
2025-12-31 23:19:03,18.2,68,0.6036
2025-12-31 23:19:24,18.2,68,0.6006
2025-12-31 23:19:24,18.2,68,0.6006
2025-12-31 23:19:24,18.2,68,0.6006
2025-12-31 23:19:44,18.2,68,0.597
2025-12-31 23:19:44,18.2,68,0.597
2025-12-31 23:19:44,18.2,68,0.597
2025-12-31 23:20:04,18.2,68,0.595
2025-12-31 23:20:04,18.2,68,0.595
2025-12-31 23:20:04,18.2,68,0.595
2025-12-31 23:20:25,18.2,68,0.5906
2025-12-31 23:20:25,18.2,68,0.5906
2025-12-31 23:20:25,18.2,68,0.5906
2025-12-31 23:20:45,18.2,68,0.5875
2025-12-31 23:20:45,18.2,68,0.5875
2025-12-31 23:20:45,18.2,68,0.5875
2025-12-31 23:21:06,18.2,68,0.5851
2025-12-31 23:21:06,18.2,68,0.5851
2025-12-31 23:21:06,18.2,68,0.5851
2025-12-31 23:21:26,18.2,68,0.5833
2025-12-31 23:21:26,18.2,68,0.5833
2025-12-31 23:21:26,18.2,68,0.5833
2025-12-31 23:21:46,18.2,68,0.5799
2025-12-31 23:21:46,18.2,68,0.5799
2025-12-31 23:21:46,18.2,68,0.5799
2025-12-31 23:22:07,18.2,68,0.5787
2025-12-31 23:22:07,18.2,68,0.5787
2025-12-31 23:22:07,18.2,68,0.5787
2025-12-31 23:22:27,18.2,68,0.5747
2025-12-31 23:22:27,18.2,68,0.5747
2025-12-31 23:22:27,18.2,68,0.5747
2025-12-31 23:22:47,18.2,68,0.5741
2025-12-31 23:22:47,18.2,68,0.5741
2025-12-31 23:22:47,18.2,68,0.5741
2025-12-31 23:23:08,18.2,68,0.5711
2025-12-31 23:23:08,18.2,68,0.5711
2025-12-31 23:23:08,18.2,68,0.5711
2025-12-31 23:23:28,18.2,68,0.5697
2025-12-31 23:23:28,18.2,68,0.5697
2025-12-31 23:23:28,18.2,68,0.5697
2025-12-31 23:23:49,18.2,68,0.5716
2025-12-31 23:23:49,18.2,68,0.5716
2025-12-31 23:23:49,18.2,68,0.5716
2025-12-31 23:24:09,18.2,68,0.5703
2025-12-31 23:24:09,18.2,68,0.5703
2025-12-31 23:24:09,18.2,68,0.5703
2025-12-31 23:24:29,18.2,68,0.57
2025-12-31 23:24:29,18.2,68,0.57
2025-12-31 23:24:29,18.2,68,0.57
2025-12-31 23:24:50,18.2,68,0.5659
2025-12-31 23:24:50,18.2,68,0.5659
2025-12-31 23:24:50,18.2,68,0.5659
2025-12-31 23:25:10,18.2,68,0.5621
2025-12-31 23:25:10,18.2,68,0.5621
2025-12-31 23:25:10,18.2,68,0.5621
2025-12-31 23:25:31,18.2,68,0.5599
2025-12-31 23:25:31,18.2,68,0.5599
2025-12-31 23:25:31,18.2,68,0.5599
2025-12-31 23:25:51,18.2,68,0.5574
2025-12-31 23:25:51,18.2,68,0.5574
2025-12-31 23:25:51,18.2,68,0.5574
2025-12-31 23:26:11,18.2,68,0.558
2025-12-31 23:26:11,18.2,68,0.558
2025-12-31 23:26:11,18.2,68,0.558
2025-12-31 23:26:32,18.2,68,0.5561
2025-12-31 23:26:32,18.2,68,0.5561
2025-12-31 23:26:32,18.2,68,0.5561
2025-12-31 23:26:52,18.2,68,0.558
2025-12-31 23:26:52,18.2,68,0.558
2025-12-31 23:26:52,18.2,68,0.558
2025-12-31 23:27:12,18.2,68,0.553
2025-12-31 23:27:12,18.2,68,0.553
2025-12-31 23:27:12,18.2,68,0.553
2025-12-31 23:27:33,18.2,68,0.5533
2025-12-31 23:27:33,18.2,68,0.5533
2025-12-31 23:27:33,18.2,68,0.5533
2025-12-31 23:27:53,18.2,68,0.5529
2025-12-31 23:27:53,18.2,68,0.5529
2025-12-31 23:27:53,18.2,68,0.5529
2025-12-31 23:28:14,18.2,68,0.5526
2025-12-31 23:28:14,18.2,68,0.5526
2025-12-31 23:28:14,18.2,68,0.5526
2025-12-31 23:28:34,18.2,68,0.5515
2025-12-31 23:28:34,18.2,68,0.5515
2025-12-31 23:28:34,18.2,68,0.5515
2025-12-31 23:28:54,18.2,68,0.55
2025-12-31 23:28:54,18.2,68,0.55
2025-12-31 23:28:54,18.2,68,0.55
2025-12-31 23:29:15,18.2,68,0.5497
2025-12-31 23:29:15,18.2,68,0.5497
2025-12-31 23:29:15,18.2,68,0.5497
2025-12-31 23:29:35,18.2,68,0.5493
2025-12-31 23:29:35,18.2,68,0.5493
2025-12-31 23:29:35,18.2,68,0.5493
2025-12-31 23:29:55,18.2,68,0.547
2025-12-31 23:29:55,18.2,68,0.547
2025-12-31 23:29:55,18.2,68,0.547
2025-12-31 23:30:16,18.2,68,0.5477
2025-12-31 23:30:16,18.2,68,0.5477
2025-12-31 23:30:16,18.2,68,0.5477
2025-12-31 23:30:36,18.2,68,0.5435
2025-12-31 23:30:36,18.2,68,0.5435
2025-12-31 23:30:36,18.2,68,0.5435
2025-12-31 23:30:57,18.2,68,0.5443
2025-12-31 23:30:57,18.2,68,0.5443
2025-12-31 23:30:57,18.2,68,0.5443
2025-12-31 23:31:17,18.2,68,0.5429
2025-12-31 23:31:17,18.2,68,0.5429
2025-12-31 23:31:17,18.2,68,0.5429
2025-12-31 23:31:37,18.2,68,0.5433
2025-12-31 23:31:37,18.2,68,0.5433
2025-12-31 23:31:37,18.2,68,0.5433
2025-12-31 23:31:58,18.2,68,0.5436
2025-12-31 23:31:58,18.2,68,0.5436
2025-12-31 23:31:58,18.2,68,0.5436
2025-12-31 23:32:18,18.2,68,0.5391
2025-12-31 23:32:18,18.2,68,0.5391
2025-12-31 23:32:18,18.2,68,0.5391
2025-12-31 23:32:39,18.2,68,0.5385
2025-12-31 23:32:39,18.2,68,0.5385
2025-12-31 23:32:39,18.2,68,0.5385
2025-12-31 23:32:59,18.2,68,0.5398
2025-12-31 23:32:59,18.2,68,0.5398
2025-12-31 23:32:59,18.2,68,0.5398
2025-12-31 23:33:19,18.2,68,0.5395
2025-12-31 23:33:19,18.2,68,0.5395
2025-12-31 23:33:19,18.2,68,0.5395
2025-12-31 23:33:40,18.2,68,0.5386
2025-12-31 23:33:40,18.2,68,0.5386
2025-12-31 23:33:40,18.2,68,0.5386
2025-12-31 23:34:00,18.2,68,0.5369
2025-12-31 23:34:00,18.2,68,0.5369
2025-12-31 23:34:00,18.2,68,0.5369
2025-12-31 23:34:20,18.2,68,0.5374
2025-12-31 23:34:20,18.2,68,0.5374
2025-12-31 23:34:20,18.2,68,0.5374
2025-12-31 23:34:41,18.2,68,0.5363
2025-12-31 23:34:41,18.2,68,0.5363
2025-12-31 23:34:41,18.2,68,0.5363
2025-12-31 23:35:01,18.2,68,0.5348
2025-12-31 23:35:01,18.2,68,0.5348
2025-12-31 23:35:01,18.2,68,0.5348
2025-12-31 23:35:22,18.2,68,0.5339
2025-12-31 23:35:22,18.2,68,0.5339
2025-12-31 23:35:22,18.2,68,0.5339
2026-01-01 00:11:13,20.0,50.0,0.5673
2026-01-01 00:11:13,20.0,50.0,0.5673
2026-01-01 00:11:13,20.0,50.0,0.5673
2026-01-01 00:17:41,18.2,70,0.5689
2026-01-01 00:31:36,18.2,70,0.5231
2026-01-01 00:33:55,20.0,50.0,0.5211
2026-01-01 00:34:16,20.0,50.0,0.5201
2026-01-01 00:34:36,20.0,50.0,0.5189
2026-01-01 00:34:56,20.0,50.0,0.5161
2026-01-01 00:35:17,20.0,50.0,1.3394
2026-01-01 00:35:37,20.0,50.0,1.3154
2026-01-01 00:35:57,20.0,50.0,1.0995
2026-01-01 00:36:18,20.0,50.0,0.8064
2026-01-01 00:36:38,18.2,70,0.6991
2026-01-01 00:36:59,18.2,70,0.6548
2026-01-01 00:37:19,18.2,70,0.6129
2026-01-01 00:37:39,18.2,70,0.5875
2026-01-01 00:38:00,18.2,70,0.5749
2026-01-01 00:38:20,18.2,70,0.5681
2026-01-01 00:38:41,18.2,70,0.5581
2026-01-01 00:39:01,18.2,70,0.5529
2026-01-01 00:39:21,18.2,70,0.5526
2026-01-01 00:39:42,18.2,70,0.5549
2026-01-01 00:40:02,18.2,70,0.5554
2026-01-01 00:40:22,18.2,70,0.5526
2026-01-01 00:40:43,18.2,70,0.5497
2026-01-01 00:41:03,18.2,70,0.5497
2026-01-01 00:41:24,18.2,70,0.5505
2026-01-01 00:41:44,18.2,70,0.5489
2026-01-01 00:41:45,18.2,70,0.5479
2026-01-01 00:42:04,18.2,70,0.548
2026-01-01 00:42:25,18.2,70,0.5449
2026-01-01 00:52:34,20.0,50.0,0.5364
2026-01-01 00:52:54,20.0,50.0,0.5331
2026-01-01 00:53:15,20.0,50.0,0.535
2026-01-01 00:53:35,20.0,50.0,0.5326
2026-01-01 00:53:56,20.0,50.0,0.5353
2026-01-01 00:54:16,20.0,50.0,0.536
2026-01-01 00:54:36,20.0,50.0,3.7041
2026-01-01 00:54:57,20.0,50.0,1.55
2026-01-01 00:55:17,20.0,50.0,1.2101
2026-01-01 00:55:38,20.0,50.0,1.0568
2026-01-01 00:55:58,20.0,50.0,0.9667
2026-01-01 00:56:18,20.0,50.0,0.8829
2026-01-01 00:56:39,20.0,50.0,0.8306
2026-01-01 00:56:59,20.0,50.0,0.8067
2026-01-01 00:57:19,20.0,50.0,0.7941
2026-01-01 00:57:40,20.0,50.0,0.7638
2026-01-01 00:58:00,20.0,50.0,0.7502
2026-01-01 00:58:21,20.0,50.0,0.7421
2026-01-01 00:58:41,20.0,50.0,0.7356
2026-01-01 00:59:01,20.0,50.0,0.7425
2026-01-01 00:59:22,20.0,50.0,0.7331
2026-01-01 00:59:42,20.0,50.0,0.7285
2026-01-01 01:00:02,20.0,50.0,0.7275
2026-01-01 01:00:23,20.0,50.0,0.7236
2026-01-01 01:00:43,20.0,50.0,0.7211
2026-01-01 01:01:04,20.0,50.0,0.7129
2026-01-01 01:01:24,20.0,50.0,0.7129
2026-01-01 01:01:44,20.0,50.0,0.7076
2026-01-01 01:02:05,20.0,50.0,0.7039
2026-01-01 01:02:25,20.0,50.0,0.7004
2026-01-01 01:02:46,20.0,50.0,0.6975
2026-01-01 01:03:06,20.0,50.0,0.6919
2026-01-01 01:03:26,20.0,50.0,0.6914
2026-01-01 01:03:47,20.0,50.0,0.692
2026-01-01 01:04:07,20.0,50.0,0.6886
2026-01-01 01:04:27,20.0,50.0,0.6857
2026-01-01 01:04:48,20.0,50.0,0.6853
2026-01-01 01:05:08,20.0,50.0,0.6854
2026-01-01 01:05:29,20.0,50.0,0.6835
2026-01-01 02:26:07,18.2,69,0.4724
2026-01-01 02:26:27,18.2,69,0.4713
2026-01-01 02:26:47,18.2,69,0.4705
2026-01-01 02:28:09,18.2,69,0.4701
2026-01-01 02:28:29,18.2,69,2.4093
2026-01-01 02:28:50,18.2,69,1.4874
2026-01-01 02:29:10,18.2,69,1.1466
2026-01-01 02:29:30,18.2,69,0.9724
2026-01-01 02:29:51,18.2,69,0.8381
2026-01-01 02:30:11,18.2,69,0.7358
2026-01-01 02:30:32,18.2,69,0.648
2026-01-01 02:30:52,18.2,69,0.6058
2026-01-01 02:31:12,18.2,69,0.6008
2026-01-01 02:31:33,18.2,69,0.5783
2026-01-01 02:31:53,18.2,69,0.5566
2026-01-01 02:32:14,18.2,69,0.5449
2026-01-01 02:32:34,18.2,69,0.5299
2026-01-01 02:32:54,18.2,69,0.522
2026-01-01 02:33:15,18.2,69,0.5165
2026-01-01 02:33:35,18.2,69,0.5089
2026-01-01 02:33:55,18.2,69,0.5075
2026-01-01 02:34:16,18.2,69,0.5021
2026-01-01 02:34:36,18.2,69,0.5029
2026-01-01 02:34:57,18.2,69,0.497
2026-01-01 02:35:17,18.2,69,0.4935
2026-01-01 02:35:37,18.2,69,0.4923
2026-01-01 02:35:58,18.2,69,0.4884
2026-01-01 02:36:18,18.2,69,0.4916
2026-01-01 02:36:38,18.2,69,0.4855
2026-01-01 02:36:59,18.2,69,0.4823
2026-01-01 02:37:19,18.2,69,0.4823
2026-01-01 02:37:40,18.2,69,0.479
2026-01-01 02:38:00,18.2,69,0.4789
2026-01-01 02:38:20,18.2,69,0.477
2026-01-01 02:38:41,18.2,69,0.4739
2026-01-01 02:39:01,18.2,69,0.474
2026-01-01 02:39:22,18.2,69,0.4709
2026-01-01 02:39:42,18.2,69,0.4714
2026-01-01 02:40:02,18.2,69,0.4701
2026-01-01 02:40:23,19.0,65,0.4686
2026-01-01 02:40:43,19.0,65,0.4677
2026-01-01 02:41:03,19.0,65,0.4656
2026-01-01 02:41:24,19.0,65,0.4657
2026-01-01 02:41:44,19.0,65,0.4647
2026-01-01 02:42:05,19.0,65,0.4629
2026-01-01 02:42:25,19.0,65,0.4622
2026-01-01 02:42:45,19.0,65,0.4619
2026-01-01 02:43:06,19.0,65,0.46
2026-01-01 02:43:26,19.0,65,0.4599
2026-01-01 02:43:46,19.0,65,0.4586
2026-01-01 02:44:07,19.0,65,0.4584
2026-01-01 02:44:27,19.0,65,0.4575
2026-01-01 02:44:48,19.0,65,0.4571
2026-01-01 02:45:08,19.0,65,0.4554
2026-01-01 02:45:28,19.0,65,0.455
2026-01-01 02:45:49,19.0,65,0.4551
2026-01-01 02:46:09,19.0,65,0.4525
2026-01-01 02:46:30,19.0,65,0.4531
2026-01-01 02:46:50,19.0,65,0.4514
2026-01-01 02:47:10,19.0,65,0.452
2026-01-01 02:47:31,19.0,65,0.4504
2026-01-01 02:47:51,19.0,65,0.4489
2026-01-01 02:48:11,19.0,65,0.4522
2026-01-01 02:48:32,19.0,65,0.448
2026-01-01 02:48:52,19.0,65,0.4494
2026-01-01 02:49:13,19.0,65,0.4476
2026-01-01 02:49:33,19.0,65,0.4455
2026-01-01 02:49:53,19.0,65,0.4466
2026-01-01 02:50:14,19.0,65,0.4444
2026-01-01 02:50:34,19.0,65,0.4454
2026-01-01 02:50:54,19.0,65,0.4446
2026-01-01 02:51:15,19.0,65,0.4433
2026-01-01 02:51:35,19.0,65,0.4434
2026-01-01 02:51:56,19.0,65,0.4414
2026-01-01 02:52:16,19.0,65,0.4415
2026-01-01 02:52:36,19.0,65,0.4413
2026-01-01 02:52:57,19.0,65,0.4393
2026-01-01 02:53:17,19.0,65,0.4394
2026-01-01 02:53:37,19.0,65,0.4376
2026-01-01 02:53:58,19.0,65,0.439
2026-01-01 02:54:18,19.0,65,0.4379
2026-01-01 02:54:39,19.4,65,0.4361
2026-01-01 02:54:59,19.4,65,0.4375
2026-01-01 02:55:19,19.4,65,0.436
2026-01-01 02:55:40,19.4,65,0.4365
2026-01-01 02:56:00,19.4,65,0.436
2026-01-01 02:56:21,19.4,65,0.4343
2026-01-01 02:56:41,19.4,65,0.433
2026-01-01 02:57:01,19.4,65,0.4338
2026-01-01 02:57:22,19.4,65,0.4326
2026-01-01 02:57:42,19.4,65,0.4326
2026-01-01 02:58:02,19.4,65,0.4316
2026-01-01 02:58:23,19.4,65,0.432
2026-01-01 02:58:43,19.4,65,0.4314
2026-01-01 02:59:04,19.4,65,0.4313
2026-01-01 02:59:24,19.4,65,0.4308
2026-01-01 02:59:44,19.4,65,0.4291
2026-01-01 03:00:05,19.4,65,0.4291
2026-01-01 03:00:25,19.4,65,0.4285
2026-01-01 03:00:45,19.4,65,0.4296
2026-01-01 03:01:06,19.4,65,0.4271
2026-01-01 03:01:26,19.4,65,0.4269
2026-01-01 03:01:27,19.4,65,0.4261
2026-01-01 03:01:47,19.4,65,0.4266
2026-01-01 03:02:07,19.4,65,0.4264
2026-01-01 03:02:27,19.4,65,0.4251
2026-01-01 03:02:48,19.4,65,0.4273
2026-01-01 03:03:08,19.4,65,0.4308
2026-01-01 03:03:29,19.4,65,0.4268
2026-01-01 03:03:49,19.4,65,0.4248
2026-01-01 03:04:09,19.4,65,0.4228
2026-01-01 03:04:30,19.4,65,0.4236
2026-01-01 03:04:50,19.4,65,0.4226
2026-01-01 03:05:10,19.4,65,0.42
2026-01-01 03:05:31,19.4,65,0.4211
2026-01-01 03:05:51,19.4,65,0.4204
